canonical_key,total_mentions,variation_count,variations
Emma,844,1,['Emma']
Harriet,476,1,['Harriet']
Weston,382,1,[' Weston']
Elton,347,1,[' Elton']
Knightley,275,1,[' Knightley']
Miss_Woodhouse,211,2,"['Miss Woodhouse', 'Woodhouse']"
Jane,197,1,['Jane']
Miss_Fairfax,141,2,"['Fairfax', 'Miss Fairfax']"
Miss_Bates,130,2,"['Bates', 'Miss Bates']"
Woodhouse,120,1,[' Woodhouse']
Frank_Churchill,120,1,['Frank Churchill']
Weston,110,3,"['Captain Weston', 'Miss Weston', 'Weston']"
Jane_Fairfax,107,1,['Jane Fairfax']
Knightley,90,1,['Knightley']
Frank,85,1,['Frank']
Perry,85,2,"[' Perry', 'Perry']"
Elton,82,1,['Elton']
Cole,70,2,"[' Cole', 'Cole']"
Isabella,66,1,['Isabella']
Miss_Smith,62,2,"['Miss Smith', 'Smith']"
Churchill,58,1,[' Churchill']
Goddard,52,1,[' Goddard']
Miss_Taylor,48,2,"['Miss Taylor', 'Taylor']"
Churchill,47,2,"['Churchill', 'Miss Churchill']"
Hartfield,45,1,['Hartfield']
Colonel_Campbell,43,3,"['Campbell', 'Colonel Campbell', 'Miss Campbell']"
Randalls,42,1,['Randalls']
Martin,40,1,[' Martin']
John,36,1,['John']
Dixon,36,1,[' Dixon']
John_Knightley,33,1,['John Knightley']
Harriet_Smith,29,2,"['Harriet Smith', 'Miss Harriet Smith']"
Robert_Martin,28,1,['Robert Martin']
Campbells,25,1,['Campbells']
Bates,24,1,[' Bates']
Henry,23,1,['Henry']
John_Knightley,22,1,[' John Knightley']
Martin,21,2,"['Martin', 'Miss Martin']"
Miss_Hawkins,21,2,"['Hawkins', 'Miss Hawkins']"
Enscombe,20,1,['Enscombe']
Eltons,20,1,['Eltons']
Donwell,19,1,['Donwell']
James,18,1,['James']
Dixon,17,1,['Dixon']
Frank_Churchill,16,1,[' Frank Churchill']
Coles,16,1,['Coles']
Churchills,15,2,"['Churchills', 'Mr. Churchills']"
Goddard,15,1,['Goddard']
Highbury,14,1,['Highbury']
Miss_Nash,14,2,"['Miss Nash', 'Nash']"
William_Larkins,13,1,['William Larkins']
Suckling,13,1,[' Suckling']
Patty,12,1,['Patty']
Crown,11,1,['Crown']
Martins,10,2,"['Martins', 'Miss Martins']"
Ford,10,2,"[' Ford', 'Ford']"
Selina,10,1,['Selina']
E,10,1,['E']
Wingfield,9,1,[' Wingfield']
Campbell,9,1,[' Campbell']
Abbey,8,1,['Abbey']
William,8,1,['William']
Smallridge,8,1,[' Smallridge']
Westons,7,1,['Westons']
Robert,7,1,['Robert']
Bragge,7,1,[' Bragge']
Elizabeth,6,1,['Elizabeth']
George,6,1,['George']
—,6,1,['—']
Sucklings,6,1,['Sucklings']
Mill,5,1,['Mill']
Bateses,5,1,['Bateses']
Coxes,5,2,"['Coxes', 'Miss Coxes']"
Hodges,5,1,[' Hodges']
Emma_Woodhouse,4,1,['Emma Woodhouse']
Knightleys,4,1,[' Knightleys']
Cox,4,1,['Cox']
Kingston,4,2,"['King', 'Kingston']"
Gilbert,4,1,[' Gilbert']
Wright,4,1,['Wright']
Maple,4,1,['Maple']
Grove,4,1,['Grove']
Otway,4,2,"['Miss Otway', 'Otway']"
Serle,3,1,['Serle']
Bella,3,1,['Bella']
Vicarage,3,1,['Vicarage']
Papa,3,1,['Papa']
Elizabeth_Martin,3,1,['Elizabeth Martin']
Dixons,3,1,['Dixons']
Stokes,3,1,[' Stokes']
Hughes,3,1,[' Hughes']
Miss_Bickerton,3,1,['Miss Bickerton']
Smallridge,3,1,['Smallridge']
Miss_W,3,2,"['Miss W', 'W']"
Windsor,3,1,['Windsor']
Hannah,2,1,['Hannah']
Perrys,2,1,['Perrys']
Compare,2,1,['Compare']
Bond,2,1,['Bond']
Kitty,2,1,['Kitty']
Miss_—_—_—,2,2,"['Miss — — —', '— — —']"
Eltons,2,1,[' Eltons']
Knight,2,1,['Knight']
William_Coxe,2,1,['William Coxe']
Hetty,2,1,['Hetty']
Bath,2,1,['Bath']
Green,2,2,"[' Green', 'Green']"
Cox,2,1,[' Cox']
Broadwood,2,1,['Broadwood']
Anne_Cox,2,1,['Anne Cox']
William_Cox,2,1,['William Cox']
M,2,1,['M']
Wallis,2,1,[' Wallis']
Gilbert,2,1,['Gilbert']
Short,2,1,['Short']
Augusta,2,1,['Augusta']
Partridge,2,1,[' Partridge']
Little,2,1,['Little']
Knightleys,2,1,['Knightleys']
Richard,2,2,"[' Richard', 'Richard']"
Richmond,2,1,['Richmond']
Bragges,2,1,['Bragges']
God,2,1,['God']
Box,2,1,['Box']
S,2,1,['S']
Adelaide,2,1,['Adelaide']
Jane_Austen,1,1,['Jane Austen']
Mitchell,1,1,['Mitchell']
Iii,1,1,['III']
Quick,1,1,['Quick']
Miss_Prince,1,1,['Miss Prince']
Miss_Richardson,1,1,['Miss Richardson']
Vicar,1,1,['Vicar']
Nobody,1,1,['Nobody']
Miss_—_—,1,1,['Miss — —']
Neptune,1,1,['Neptune']
Miss_Smiths,1,1,['Miss Smiths']
Shakespeare,1,1,['Shakespeare']
Michaelmas,1,1,['Michaelmas']
Church,1,1,['Church']
Garrick,1,1,['Garrick']
Westons,1,1,[' Westons']
F,1,1,['F']
C,1,1,['C']
Weston_Churchill,1,1,['Weston Churchill']
Wingfield,1,1,['Wingfield']
Graham,1,1,[' Graham']
Braithwaites,1,1,['Braithwaites']
Charming,1,1,['Charming']
Sighs,1,1,['Sighs']
Woodhous,1,1,['Woodhous']
Miss_Somebody_Else,1,1,['Miss Somebody else']
Surry,1,1,['Surry']
Baly,1,1,['Baly']
He,1,1,['He']
Lieut,1,1,['Lieut']
Fairfax,1,1,[' Fairfax']
Miss_Jane_Bates,1,1,['Miss Jane Bates']
Augusta_Hawkins,1,1,['Augusta Hawkins']
Brown,1,1,['Brown']
Brown,1,1,[' Brown']
Philip_Elton,1,1,['Philip Elton']
Balls,1,1,['Balls']
Elegant,1,1,['Elegant']
Barnes,1,1,['Barnes']
—_Highbury,1,1,['— Highbury']
A,1,1,['A']
Surprizes,1,1,['Surprizes']
Yes,1,1,['Yes']
John_Saunders,1,1,['John Saunders']
Wallises,1,1,['Wallises']
Wallis,1,1,['Wallis']
Pray,1,1,['Pray']
Cramer,1,1,['Cramer']
Robin,1,1,['Robin']
Adair,1,1,['Adair']
Gilberts,1,1,['Gilberts']
Taylor,1,1,[' Taylor']
Miss_Emma,1,1,['Miss Emma']
Stokes,1,1,['Stokes']
Alas,1,1,['Alas']
Suckling,1,1,['Suckling']
Jeffereys,1,1,[' Jeffereys']
Clara_Partridge,1,1,['Clara Partridge']
Milmans,1,1,['Milmans']
Bird,1,1,[' Bird']
James_Cooper,1,1,[' James Cooper']
Decidedly,1,1,['Decidedly']
Elto,1,1,['Elto']
Liable,1,1,['Liable']
Well,1,1,['Well']
Anne,1,1,['Anne']
Clifton,1,1,['Clifton']
Hymen,1,1,['Hymen']
Tupman,1,1,['Tupman']
Tupmans,1,1,['Tupmans']
Aunt_Emma,1,1,['Aunt Emma']
Uncle_Knightley,1,1,['Uncle Knightley']
General,1,1,['General']
Aladdin,1,1,['Aladdin']
Bought,1,1,['Bought']
Caroline,1,1,['Caroline']
Arthur,1,1,['Arthur']
Don,1,1,['Don']
Fai,1,1,['Fai']
Grandmama,1,1,['Grandmama']
Tea,1,1,['Tea']
George_Otway,1,1,[' George Otway']
Em,1,1,['Em']
June,1,1,['June']
Cowper,1,1,['Cowper']
P,1,1,['P']
Lady_Patroness,1,1,['Lady Patroness']
Mickleham,1,1,['Mickleham']
Dorking,1,1,['Dorking']
Chaperon,1,1,['Chaperon']
Maple_Grove,1,1,['Maple Grove']
John_Abdy,1,1,['John Abdy']
Tom,1,1,['Tom']
Goldsmith,1,1,['Goldsmith']
Perrys,1,1,[' Perrys']
Coles,1,1,[' Coles']
Hartfie,1,1,['Hartfie']
Brunswick,1,1,['Brunswick']
Square,1,1,['Square']
Miss_F_—,1,1,['Miss F —']
Hill,1,1,['Hill']
—,1,1,[' —']
Depend,1,1,['Depend']
Harry,1,1,['Harry']
Madame_De_Genlis,1,1,['Madame de Genlis']
Theodore,1,1,['Theodore']
Nature,1,1,['Nature']
Anna_Weston,1,1,['Anna Weston']
K,1,1,['K']
N,1,1,['N']
Good,1,1,['Good']
John_—,1,1,['John —']
Astley,1,1,['Astley']
Pilfering,1,1,['Pilfering']
Robert_Martin,1,1,[' Robert Martin']
